nodes,x,y, time, elapsed_time
1,10000,10000,43.74,43.749693739
16,160000,10000,45.32,45.332469432
2,20000,10000,45.90,45.907471994
8,80000,10000,45.65,45.659114609

