Nodes,Elapsed Time (s),Efficiency (%)
1,43.7497,100.0
2,45.9075,95.2996787017372
8,45.6591,95.81813920992748
16,45.3325,96.50846522914023
