num_threads,func_id,avg_time,max_time,min_time,imbalance_ratio
16,0,65.605241,144.794092,0.000075,100.00
16,1,241.178989,415.582638,0.000053,100.00
