nodes,x,y,time,elapsed_time
1,10000,10000,43.97,43.982981921
2,20000,20000,95.77,95.784060771
4,40000,40000,163.93,163.946315700
8,80000,80000,323.04,323.055974212
